{"cameraMode":{"drawMode":0,"name":"Shaded","section":"Shading Mode"},"sceneLighting":true,"audioPlay":false,"sceneViewState":{"showFog":true,"showMaterialUpdate":false,"showSkybox":true,"showFlares":true,"showImageEffects":true,"showParticleSystems":true},"in2DMode":false,"pivot":{"x":643.8427734375,"y":359.05999755859377,"z":5.0},"rotation":{"x":0.00030699805938638747,"y":0.046476129442453387,"z":-0.00006657966150669381,"w":0.998981773853302},"size":1705.2916259765625,"orthographic":true}