{"cameraMode":{"drawMode":0,"name":"Shaded","section":"Shading Mode"},"sceneLighting":true,"audioPlay":false,"sceneViewState":{"showFog":true,"showMaterialUpdate":false,"showSkybox":true,"showFlares":true,"showImageEffects":true,"showParticleSystems":true},"in2DMode":false,"pivot":{"x":0.14809998869895936,"y":0.04599999636411667,"z":-0.010000001639127732},"rotation":{"x":0.4271359145641327,"y":-0.00677642785012722,"z":0.003233768045902252,"w":0.9042198061943054},"size":1.3738640546798707,"orthographic":true}