{"cameraMode":{"drawMode":0,"name":"Shaded","section":"Shading Mode"},"sceneLighting":true,"audioPlay":false,"sceneViewState":{"showFog":true,"showMaterialUpdate":false,"showSkybox":true,"showFlares":true,"showImageEffects":true,"showParticleSystems":true},"in2DMode":false,"pivot":{"x":1182.806396484375,"y":427.0,"z":0.730684757232666},"rotation":{"x":0.010808632709085942,"y":0.0134901013225317,"z":-0.0001878236944321543,"w":0.9999120235443115},"size":2130.445068359375,"orthographic":true}