{"cameraMode":{"drawMode":0,"name":"Shaded","section":"Shading Mode"},"sceneLighting":true,"audioPlay":false,"sceneViewState":{"showFog":true,"showMaterialUpdate":false,"showSkybox":true,"showFlares":true,"showImageEffects":true,"showParticleSystems":true},"in2DMode":false,"pivot":{"x":643.8427734375,"y":359.05999755859377,"z":5.0},"rotation":{"x":0.016808554530143739,"y":-0.016508307307958604,"z":0.00022641314717475325,"w":0.9997840523719788},"size":1326.2757568359375,"orthographic":true}