{"cameraMode":{"drawMode":0,"name":"Shaded","section":"Shading Mode"},"sceneLighting":true,"audioPlay":false,"sceneViewState":{"showFog":true,"showMaterialUpdate":false,"showSkybox":true,"showFlares":true,"showImageEffects":true,"showParticleSystems":true},"in2DMode":false,"pivot":{"x":1182.806396484375,"y":427.0,"z":0.730684757232666},"rotation":{"x":0.18965494632720948,"y":0.010310136713087559,"z":-0.001945311902090907,"w":0.9818546175956726},"size":2446.021240234375,"orthographic":true}